{"intents": [
        {"tag": "greeting",
         "patterns": ["Hi", "How are you", "Is anyone there?", "Hello", "Good day", "Whats up", "someone?"],
         "responses": ["Hello!", "Good to see you again!", "Hi there, how can I help?","Yes sir"],
         "context_set": ""
        },
        {"tag": "goodbye",
         "patterns": ["Bye", "See you later", "Goodbye", "I am Leaving", "Have a Good day", "return soon"],
         "responses": ["Sad to see you go :(", "Talk to you later", "Goodbye!"],
         "context_set": ""
        },
        {"tag": "age",
         "patterns": ["how old", "how old is bhaijan", "what is your age", "how old are you", "age?"],
         "responses": ["I am  800days. sir!", " young!"],
         "context_set": ""
        },
        {"tag": "name",
         "patterns": ["what is your name", "what should I call you", "whats your name?"],
         "responses": ["You can call me Bhaijan.", "I'm bhaijan! my Creator is Iamthesaifullah. Also You can Find him in google. Search : Iamthesaifullah", "I'm bhaijan You can Talk to me."],
         "context_set": ""
        },
        {"tag": "blood",
         "patterns": ["I need blood", "do you have any blood donor?", "what do you reccommend?", "could i get blood?"],
         "responses": ["We are giving blood door contact details !", "All blood group blood donor are available !"],
         "context_set": ""
        },
        {"tag": "hours",
         "patterns": ["when are you guys open", "what are your hours", "hours of operation"],
         "responses": ["We are open 7am-4pm Monday-Friday!"],
         "context_set": ""
        },
        {"tag": "a positive",
        "patterns": ["do u have a positive blood donor", "a positive blood", "a positive"],
        "responses": ["Yes,1) Name: Md.Nazmul hossain Contact: ! 2)Mf Juhan Farhad(fb id) 3) Younus Mostafa sunny"
                        ,"4)Omor Abdullah. contact :. 5)Alok Chowdhury Rio Contact: "
                        ,"5) km Mohin Hossain. contact: "],
        "context_set": ""
        },
        {"tag": "A negative",
        "patterns": ["do u have a negative blood donor", "a negative blood", "a negative"],
        "responses": ["Yes, Name: Rabbi Hossain Opi Contact:!"],
        "context_set": ""
        },
        {"tag": "o positive",
        "patterns": ["do u have o positive blood donor", "o positive blood", "o positive"],
        "responses": ["Yes, Name: Tahidul Mowla Abir Contact:! 2) Ibrahim Noyon contact:. 3) Tayab Hossain Foisal contact:",
                        "4)Mahmud Musa. contact:  5)Himel Chowdhury. Contact: . 6)Arafat Hossain. contact:"],
        "context_set": ""
        },
        {"tag": "b positive",
        "patterns": ["do u have b positive blood donor", "b positive blood", "b positive"],
        "responses": ["Yes, Name: 1)Sohidul islam Shufol Contact: , 2) Sabid Chy Fb id same!"],
        "context_set": ""
        },
        {"tag": "o negative",
        "patterns": ["do u have o negative blood donor", "o negative blood", "o negative"],
        "responses": ["Yes, Name: Pramit Dey Contact Him In this Fb id!"],
        "context_set": ""
        },
        {"tag": "b negative",
        "patterns": ["do u have b negative blood donor", "b negative blood", "b negative"],
        "responses": ["Yes, Name: 1) Raisul Islam Munna contact: !"],
        "context_set": ""
        },
        {"tag": "ab positive",
        "patterns": ["do u have ab positive blood donor", "ab positive blood", "ab positive"],
        "responses": ["Yes, Name: 1) MH sagor contact: !"],
        "context_set": ""
        }
   ]
}